date,tmax,tmin,tavg,prcp
2023-08-21,40.1,28.3,34.6,0.0
2023-08-22,39.6,29.1,34.4,0.0
2023-08-23,39.6,28.8,34.5,0.0
2023-08-24,40.5,30.5,35.2,0.0
2023-08-25,41.7,30.1,36.0,0.0
2023-08-26,41.7,31.1,36.6,0.1
2023-08-27,37.3,26.8,31.3,4.9
2023-08-28,34.5,25.5,29.8,0.0
2023-08-29,36.5,24.9,30.2,0.0
2023-08-30,37.5,25.3,31.0,0.0
2023-08-31,36.7,24.0,30.3,0.0
2023-09-01,36.0,24.7,30.4,0.0
2023-09-02,35.7,22.4,29.7,0.0
2023-09-03,35.4,23.0,28.8,3.9
2023-09-04,36.9,26.5,31.0,1.4
2023-09-05,39.2,26.6,33.0,0.0
2023-09-06,39.0,28.4,33.7,0.0
2023-09-07,41.0,27.1,34.7,0.0
2023-09-08,41.3,29.0,34.7,0.1
2023-09-09,35.0,23.9,29.7,0.1
2023-09-10,34.4,23.0,28.3,0.0
2023-09-11,33.6,22.7,27.4,0.0
2023-09-12,29.7,22.5,25.7,3.4
2023-09-13,27.8,21.8,24.3,4.6
2023-09-14,25.8,21.0,22.7,24.8
2023-09-15,28.6,20.0,23.5,2.0
2023-09-16,28.4,20.3,24.2,0.2
2023-09-17,30.8,20.5,25.6,0.0
2023-09-18,33.2,18.9,26.6,0.0
2023-09-19,34.6,23.2,28.3,1.7
2023-09-20,34.3,23.1,27.9,0.4
2023-09-21,33.2,24.7,28.1,11.1
2023-09-22,35.9,24.3,29.2,4.4
2023-09-23,35.8,25.8,30.0,0.0
2023-09-24,36.1,24.7,29.9,3.7
2023-09-25,31.4,22.0,26.2,1.5
2023-09-26,33.0,21.3,27.4,0.0
2023-09-27,33.5,21.4,27.5,0.0
2023-09-28,35.6,21.8,28.8,0.0
2023-09-29,35.4,23.7,29.0,0.0
2023-09-30,35.5,23.1,28.8,0.0
2023-10-01,33.6,21.1,27.4,0.0
2023-10-02,33.4,21.9,27.1,0.0
2023-10-03,32.5,22.2,27.1,0.0
2023-10-04,31.8,23.6,26.8,66.5
2023-10-05,27.5,21.3,23.6,18.9
2023-10-06,28.9,17.9,22.9,0.0
2023-10-07,20.4,14.6,17.2,0.0
2023-10-08,24.6,11.6,17.9,0.0
2023-10-09,30.3,17.0,23.0,0.0
2023-10-10,29.6,19.5,24.1,0.0
2023-10-11,26.3,19.8,22.3,0.0
2023-10-12,27.9,17.6,21.6,0.0
2023-10-13,26.6,19.1,23.0,0.1
2023-10-14,22.2,12.8,17.5,0.0
2023-10-15,20.2,12.1,15.6,0.0
2023-10-16,18.2,9.2,13.5,0.0
2023-10-17,22.5,7.4,15.2,0.0
2023-10-18,27.3,14.0,20.1,0.0
2023-10-19,28.7,13.7,21.7,0.0
2023-10-20,33.0,17.3,23.5,0.0
2023-10-21,33.4,16.4,24.4,0.0
2023-10-22,30.1,19.6,24.7,0.0
2023-10-23,27.3,20.6,23.3,15.2
2023-10-24,26.7,21.1,22.8,27.5
2023-10-25,27.7,21.4,23.3,27.9
2023-10-26,28.0,21.3,23.8,25.5
2023-10-27,28.4,19.1,24.0,10.9
2023-10-28,22.8,17.2,19.9,29.2
2023-10-29,16.8,6.2,10.7,21.4
2023-10-30,9.9,3.9,7.2,6.3
2023-10-31,14.3,1.7,8.3,0.0
2023-11-01,11.2,1.1,6.4,0.0
2023-11-02,15.7,2.9,9.2,0.0
2023-11-03,21.0,8.4,14.4,0.0
2023-11-04,23.0,13.2,17.5,0.0
2023-11-05,25.9,15.0,19.9,0.0
2023-11-06,26.7,18.2,22.0,0.0
2023-11-07,28.5,17.8,23.0,0.0
2023-11-08,28.6,19.4,23.7,0.0
2023-11-09,23.6,12.2,16.9,19.1
2023-11-10,17.9,11.3,13.9,3.8
2023-11-11,16.4,12.5,14.4,0.0
2023-11-12,18.6,12.0,15.4,0.0
2023-11-13,19.8,11.1,14.8,0.5
2023-11-14,20.2,9.5,14.6,0.0
2023-11-15,21.2,8.8,14.4,0.0
2023-11-16,19.6,11.6,15.2,0.0
2023-11-17,17.8,12.3,15.0,0.1
2023-11-18,20.6,14.2,16.6,0.0
2023-11-19,20.2,11.8,16.0,6.4
2023-11-20,23.4,14.0,19.0,0.1
2023-11-21,14.9,9.4,12.2,0.0
2023-11-22,14.5,3.7,8.8,0.0
2023-11-23,16.7,5.1,9.8,0.0
2023-11-24,16.0,4.7,10.2,0.0
2023-11-25,16.2,5.8,10.9,7.8
2023-11-26,11.7,2.6,7.6,0.3
2023-11-27,10.9,-0.7,5.8,0.0
2023-11-28,15.5,2.8,8.9,0.0
2023-11-29,17.0,5.4,11.6,0.0
2023-11-30,17.6,12.6,14.9,64.2
2023-12-01,14.9,6.5,10.6,0.0
2023-12-02,15.6,4.2,9.6,0.0
2023-12-03,20.7,4.8,12.7,0.0
2023-12-04,15.0,5.9,10.9,0.0
2023-12-05,18.4,4.3,10.9,0.0
2023-12-06,16.6,5.5,10.9,0.0
2023-12-07,20.7,9.3,14.7,0.0
2023-12-08,25.1,15.5,19.4,0.0
2023-12-09,18.4,9.2,14.3,0.0
2023-12-10,11.2,2.8,7.0,0.0
2023-12-11,16.6,2.6,9.0,0.0
2023-12-12,17.0,4.6,10.6,0.0
2023-12-13,13.6,8.9,10.9,0.0
2023-12-14,17.1,6.6,11.4,0.4
2023-12-15,15.0,10.0,12.5,15.4
2023-12-16,14.4,5.1,8.8,0.0
2023-12-17,19.1,3.3,10.4,0.0
2023-12-18,15.8,6.4,10.1,0.0
2023-12-19,13.8,3.1,8.0,0.0
2023-12-20,19.0,7.7,12.7,0.0
2023-12-21,15.9,13.1,14.2,11.4
2023-12-22,20.9,13.1,15.9,3.5
2023-12-23,19.3,13.1,16.0,10.7
2023-12-24,19.4,9.5,16.0,34.2
2023-12-25,9.9,3.6,6.7,0.0
2023-12-26,12.8,0.4,6.3,0.0
2023-12-27,9.5,3.3,6.0,0.0
2023-12-28,9.2,1.6,5.1,0.0
2023-12-29,11.6,0.3,5.3,0.0
2023-12-30,16.1,1.0,7.7,0.0
2023-12-31,16.7,4.4,9.9,0.0
2024-01-01,8.7,0.1,4.0,0.0
2024-01-02,8.8,0.7,4.5,9.0
2024-01-03,12.0,5.5,7.7,0.3
2024-01-04,14.1,2.2,8.0,0.0
2024-01-05,14.9,6.0,9.5,7.2
2024-01-06,11.9,3.6,7.0,0.0
2024-01-07,14.4,0.7,7.6,0.0
2024-01-08,16.2,6.6,11.9,8.8
2024-01-09,8.6,1.0,4.4,0.0
2024-01-10,17.2,1.3,9.0,0.0
2024-01-11,19.7,4.2,12.5,0.0
2024-01-12,15.3,-2.1,4.7,1.2
2024-01-13,15.1,-3.5,4.8,0.0
2024-01-14,-4.3,-10.6,-7.4,0.2
2024-01-15,-2.3,-11.8,-7.8,0.1
2024-01-16,-3.4,-10.9,-7.3,0.0
2024-01-17,5.3,-8.3,-2.0,0.0
2024-01-18,12.6,1.2,5.1,0.0
2024-01-19,3.8,-3.8,-0.8,0.0
2024-01-20,1.8,-6.7,-3.0,0.0
2024-01-21,2.3,-2.6,0.0,1.8
2024-01-22,8.8,1.2,4.5,43.3
2024-01-23,11.8,5.9,8.4,3.9
2024-01-24,10.5,6.7,8.6,1.2
2024-01-25,15.8,6.3,10.1,3.5
2024-01-26,15.6,3.8,9.6,6.8
2024-01-27,11.4,4.1,8.2,7.9
2024-01-28,15.0,-0.1,6.8,0.0
2024-01-29,20.0,5.1,11.0,0.0
2024-01-30,21.5,6.9,13.0,0.0
2024-01-31,21.4,6.3,13.2,0.0
2024-02-01,20.8,10.5,15.3,0.4
2024-02-02,19.3,12.6,15.6,4.9
2024-02-03,19.8,9.6,15.1,17.1
2024-02-04,14.8,7.7,11.1,1.6
2024-02-05,15.5,8.7,11.4,0.0
2024-02-06,16.8,2.8,9.9,0.0
2024-02-07,18.6,9.1,13.7,0.0
2024-02-08,21.2,14.2,17.0,0.1
2024-02-09,22.4,11.1,16.2,1.7
2024-02-10,14.5,11.3,13.0,16.6
2024-02-11,11.1,5.2,9.4,9.2
2024-02-12,12.6,4.3,7.2,0.0
2024-02-13,16.1,0.3,8.0,0.0
2024-02-14,18.5,6.0,12.1,0.0
2024-02-15,20.3,11.2,15.2,0.0
2024-02-16,21.8,7.4,15.7,0.0
2024-02-17,6.7,0.7,3.8,0.0
2024-02-18,9.8,-2.9,3.5,0.0
2024-02-19,17.9,2.7,9.4,0.0
2024-02-20,23.6,5.6,14.5,0.0
2024-02-21,24.9,14.6,19.3,0.0
2024-02-22,24.8,16.0,19.4,0.0
2024-02-23,20.6,10.8,15.6,0.0
2024-02-24,23.6,6.9,15.3,0.0
2024-02-25,27.8,14.4,19.8,0.0
2024-02-26,32.8,14.0,22.4,0.0
2024-02-27,26.8,18.4,22.8,0.0
2024-02-28,22.6,5.0,9.5,0.0
2024-02-29,11.2,5.6,7.3,16.9
2024-03-01,19.5,3.6,10.9,0.0
2024-03-02,26.1,9.0,17.2,0.0
2024-03-03,25.9,15.3,20.0,0.0
2024-03-04,27.4,17.6,21.8,0.3
2024-03-05,26.3,14.4,20.1,0.9
2024-03-06,25.7,11.2,18.6,0.0
2024-03-07,21.3,16.2,19.1,15.6
2024-03-08,21.8,8.7,16.1,11.0
2024-03-09,14.5,6.1,9.6,0.0
2024-03-10,16.6,4.0,10.2,0.0
2024-03-11,20.6,7.1,13.3,0.5
2024-03-12,24.1,12.0,17.4,0.0
2024-03-13,27.5,16.3,21.6,0.1
2024-03-14,28.7,18.4,22.4,27.0
2024-03-15,22.1,14.6,17.7,10.7
2024-03-16,18.6,12.6,15.6,15.0
2024-03-17,19.4,12.2,15.5,0.8
2024-03-18,14.4,7.3,10.9,0.0
2024-03-19,17.9,3.5,10.5,0.0
2024-03-20,22.3,9.7,15.3,0.0
2024-03-21,21.0,13.2,16.3,20.6
2024-03-22,20.7,12.8,15.9,0.6
2024-03-23,19.1,8.4,14.0,0.0
2024-03-24,21.6,13.9,17.2,2.9
2024-03-25,23.4,9.2,16.9,29.7
2024-03-26,14.1,4.1,8.8,0.0
2024-03-27,17.3,4.7,11.1,0.0
2024-03-28,21.7,5.3,13.9,0.0
2024-03-29,24.3,13.4,18.5,0.0
2024-03-30,26.0,15.1,20.2,0.0
2024-03-31,27.0,17.8,21.7,0.2
2024-04-01,28.3,18.9,23.0,10.9
2024-04-02,20.3,12.3,15.8,0.0
2024-04-03,21.5,9.4,14.6,0.0
2024-04-04,26.6,8.7,17.2,0.0
2024-04-05,28.0,12.3,20.1,0.0
2024-04-06,26.4,15.6,21.1,0.0
2024-04-07,24.9,14.3,20.0,0.1
2024-04-08,28.3,12.8,20.5,4.8
2024-04-09,21.7,16.7,18.7,17.2
2024-04-10,18.5,13.7,16.0,23.0
2024-04-11,21.9,10.5,15.7,0.0
2024-04-12,24.9,9.5,17.8,0.0
2024-04-13,26.3,14.6,20.7,0.0
2024-04-14,27.6,17.3,22.2,0.0
2024-04-15,26.8,18.6,22.4,0.5
2024-04-16,29.0,20.9,24.2,1.2
2024-04-17,28.6,19.6,24.1,0.0
2024-04-18,30.1,19.9,23.8,0.7
2024-04-19,22.1,14.4,18.4,1.0
2024-04-20,17.5,9.8,14.3,37.0
2024-04-21,18.5,10.8,13.8,0.0
2024-04-22,20.0,8.0,14.4,0.0
2024-04-23,24.5,13.2,18.7,0.0
2024-04-24,26.8,17.3,21.5,0.6
2024-04-25,26.6,18.7,22.8,0.0
2024-04-26,24.3,19.6,21.9,6.6
2024-04-27,28.5,19.3,23.2,49.3
2024-04-28,22.7,18.7,21.0,39.5
2024-04-29,27.6,17.0,21.4,0.3
2024-04-30,28.4,17.7,23.0,1.5
2024-05-01,28.0,19.9,23.4,4.4
2024-05-02,28.4,19.4,23.5,1.6
2024-05-03,27.6,18.5,22.3,14.8
2024-05-04,26.8,19.2,22.3,0.3
2024-05-05,27.9,18.6,22.7,43.2
2024-05-06,29.2,20.0,23.6,3.6
2024-05-07,31.0,22.0,26.3,0.0
2024-05-08,32.5,22.8,27.2,0.6
2024-05-09,25.5,20.0,22.8,8.5
2024-05-10,26.5,17.9,21.6,0.0
2024-05-11,25.2,16.4,21.3,0.2
2024-05-12,22.4,17.7,19.7,42.7
2024-05-13,27.6,17.4,21.7,0.5
2024-05-14,27.6,16.6,21.9,0.0
2024-05-15,29.8,17.4,23.8,0.0
2024-05-16,23.9,19.6,21.6,3.3
2024-05-17,27.3,16.6,21.2,1.1
2024-05-18,30.6,17.8,24.4,0.0
2024-05-19,31.3,21.1,26.2,0.0
2024-05-20,30.7,21.9,26.4,0.0
2024-05-21,31.6,22.5,27.2,0.3
2024-05-22,29.9,22.5,25.1,27.6
2024-05-23,30.3,22.6,25.8,2.2
2024-05-24,31.9,23.1,26.1,12.5
2024-05-25,32.4,21.9,26.8,0.8
2024-05-26,35.8,24.6,29.5,0.0
2024-05-27,32.4,22.2,27.1,0.7
2024-05-28,27.5,19.2,23.6,17.1
2024-05-29,29.4,19.8,24.2,0.0
2024-05-30,27.7,20.5,22.8,33.2
2024-05-31,28.3,20.4,23.8,42.9
2024-06-01,27.5,19.2,23.2,6.8
2024-06-02,29.1,20.5,24.0,1.3
2024-06-03,30.7,21.1,24.2,51.6
2024-06-04,32.4,20.7,26.4,7.2
2024-06-05,31.1,21.2,26.4,1.0
2024-06-06,32.3,18.0,25.6,0.0
2024-06-07,32.6,21.4,27.5,0.0
2024-06-08,33.3,24.4,28.7,0.0
2024-06-09,32.6,23.0,27.9,0.0
2024-06-10,28.9,22.1,25.4,11.2
2024-06-11,27.6,21.8,24.4,2.2
2024-06-12,30.6,21.1,25.8,0.9
2024-06-13,32.2,21.2,27.0,0.0
2024-06-14,32.5,21.2,27.3,0.0
2024-06-15,33.4,21.8,27.7,0.0
2024-06-16,33.7,24.4,28.9,0.0
2024-06-17,33.1,24.7,28.8,0.1
2024-06-18,33.3,23.7,28.2,1.1
2024-06-19,30.7,23.2,26.9,0.1
2024-06-20,32.7,24.5,28.2,0.1
2024-06-21,31.9,24.1,28.4,0.3
2024-06-22,34.2,24.3,29.2,0.0
2024-06-23,35.1,25.4,30.3,0.0
2024-06-24,35.3,25.9,30.7,0.0
2024-06-25,35.9,26.7,31.3,0.4
2024-06-26,36.6,27.4,31.9,0.1
2024-06-27,34.6,26.3,30.5,0.0
2024-06-28,37.2,26.0,31.6,0.0
2024-06-29,35.9,27.2,31.5,0.5
2024-06-30,36.1,27.9,31.8,0.0
2024-07-01,36.7,26.9,31.9,0.0
2024-07-02,37.5,26.8,32.2,0.0
2024-07-03,36.9,27.7,32.1,0.0
2024-07-04,36.8,27.8,32.2,0.0
2024-07-05,33.6,24.9,29.6,8.9
2024-07-06,32.6,22.0,27.7,0.0
2024-07-07,33.5,25.4,29.0,0.8
2024-07-08,27.5,22.6,24.7,15.0
2024-07-09,32.8,20.9,26.8,0.0
2024-07-10,32.6,23.5,28.3,1.9
2024-07-11,35.5,23.3,29.6,0.0
2024-07-12,35.1,24.4,29.7,0.0
2024-07-13,35.1,24.2,29.1,0.2
2024-07-14,36.7,25.4,30.8,0.0
2024-07-15,38.2,26.1,31.9,0.0
2024-07-16,38.5,27.7,32.7,0.0
2024-07-17,33.1,26.0,29.9,4.9
2024-07-18,31.6,23.1,27.4,1.7
2024-07-19,32.0,23.6,27.8,0.0
2024-07-20,33.3,22.2,27.9,0.0
2024-07-21,30.3,22.5,25.9,31.1
2024-07-22,30.0,22.3,25.2,13.3
2024-07-23,28.8,22.9,25.3,6.9
2024-07-24,31.2,21.3,26.1,0.8
2024-07-25,30.5,22.6,26.3,3.3
2024-07-26,30.6,21.5,25.9,0.5
2024-07-27,31.9,22.3,27.0,0.4
2024-07-28,34.6,22.4,28.4,0.4
2024-07-29,36.0,25.2,30.4,0.1
2024-07-30,36.5,25.8,31.2,0.0
2024-07-31,36.9,26.4,31.4,0.0
2024-08-01,38.4,24.6,31.3,0.0
2024-08-02,38.5,25.8,32.1,0.0
2024-08-03,37.4,27.0,32.0,0.0
2024-08-04,35.8,25.0,31.0,0.1
2024-08-05,35.7,24.3,30.5,0.0
2024-08-06,37.3,24.4,31.1,0.0
2024-08-07,38.7,26.3,32.8,0.0
2024-08-08,38.0,27.5,32.4,0.0
2024-08-09,32.3,24.7,29.0,13.7
2024-08-10,34.7,23.9,29.4,0.1
2024-08-11,35.7,26.6,30.4,0.0
2024-08-12,36.1,26.3,31.0,0.0
2024-08-13,36.9,26.7,31.5,0.2
2024-08-14,37.4,27.3,32.4,0.0
2024-08-15,37.6,27.8,32.6,0.3
2024-08-16,38.3,28.1,33.0,0.3
2024-08-17,38.2,28.4,33.1,0.0
2024-08-18,39.2,27.1,33.3,0.0
2024-08-19,41.3,28.7,34.6,0.0
2024-08-20,38.4,27.0,32.9,0.0
2024-08-21,36.3,26.3,31.1,0.0
2024-08-22,37.7,25.9,31.4,0.1
2024-08-23,36.9,26.7,30.5,2.3
2024-08-24,37.1,26.6,31.4,0.0
2024-08-25,35.9,26.2,31.2,0.0
2024-08-26,36.4,24.9,30.5,0.7
2024-08-27,35.3,24.8,29.5,0.1
2024-08-28,35.7,24.2,29.6,0.5
2024-08-29,33.9,25.1,29.4,0.6
2024-08-30,32.3,24.4,28.4,0.0
2024-08-31,34.1,24.9,29.1,0.5
2024-09-01,33.2,25.0,27.9,12.2
2024-09-02,32.5,24.5,27.9,3.9
2024-09-03,27.3,23.4,24.9,14.2
2024-09-04,27.4,21.6,23.8,15.0
2024-09-05,31.0,21.7,25.6,0.7
2024-09-06,32.0,22.5,26.7,0.3
2024-09-07,29.2,20.8,25.0,0.0
2024-09-08,27.7,17.7,22.5,0.0
2024-09-09,28.7,15.8,22.1,0.0
2024-09-10,30.8,15.5,23.7,0.0
2024-09-11,31.6,21.1,25.2,1.8
2024-09-12,31.0,19.9,24.9,0.0
2024-09-13,33.5,19.0,26.6,0.0
2024-09-14,33.8,23.9,28.0,3.4
2024-09-15,32.7,23.4,28.0,0.0
2024-09-16,32.9,21.8,27.0,0.0
2024-09-17,32.8,22.0,27.1,0.0
2024-09-18,34.0,22.7,28.4,0.0
2024-09-19,36.1,25.5,30.6,0.0
2024-09-20,36.0,25.1,30.6,0.0
2024-09-21,34.7,25.5,30.2,0.0
2024-09-22,34.3,24.9,29.8,0.0
2024-09-23,28.8,22.3,25.9,7.0
2024-09-24,29.8,19.5,24.5,0.1
2024-09-25,28.1,20.8,23.8,5.9
2024-09-26,28.0,15.9,22.1,0.0
2024-09-27,28.6,17.1,22.9,0.0
2024-09-28,30.1,18.5,23.7,0.0
2024-09-29,30.9,17.9,23.9,0.0
2024-09-30,31.6,18.0,24.8,0.0
2024-10-01,33.2,18.3,26.2,0.0
2024-10-02,30.9,19.4,25.0,0.0
2024-10-03,33.4,20.8,26.8,0.0
2024-10-04,32.0,19.3,25.8,0.0
2024-10-05,32.3,19.9,26.0,0.0
2024-10-06,31.8,20.4,26.1,0.0
2024-10-07,32.2,20.8,25.9,0.0
2024-10-08,29.0,18.3,23.6,0.0
2024-10-09,30.2,17.0,23.4,0.0
2024-10-10,32.4,18.5,25.0,0.0
2024-10-11,32.6,18.8,25.5,0.0
2024-10-12,34.1,21.1,27.1,0.0
2024-10-13,36.3,20.8,27.9,0.0
2024-10-14,28.0,19.1,23.5,0.0
2024-10-15,33.4,16.5,24.1,0.0
2024-10-16,20.6,11.4,15.9,0.0
2024-10-17,22.0,8.9,15.4,0.0
2024-10-18,25.7,11.8,18.7,0.0
2024-10-19,25.8,14.7,20.0,0.0
2024-10-20,27.1,12.6,20.3,0.0
2024-10-21,28.2,14.0,21.4,0.0
2024-10-22,31.7,19.4,24.8,0.0
2024-10-23,32.8,20.0,26.3,0.0
2024-10-24,31.9,19.7,26.1,0.0
2024-10-25,31.4,19.9,25.7,0.0
2024-10-26,29.0,19.1,24.1,0.0
2024-10-27,30.7,17.1,23.8,0.0
2024-10-28,31.2,21.3,26.3,0.0
2024-10-29,30.6,22.3,26.0,0.5
2024-10-30,32.0,22.3,26.2,1.7
2024-10-31,25.3,15.6,20.3,4.9
2024-11-01,25.0,14.7,19.0,0.1
2024-11-02,26.3,19.9,22.2,0.3
2024-11-03,28.5,22.1,24.2,19.4
2024-11-04,26.3,18.8,22.3,37.6
2024-11-05,19.1,13.3,17.0,14.6
2024-11-06,21.4,9.6,15.3,0.0
2024-11-07,24.5,13.7,18.6,0.4
2024-11-08,23.7,16.7,20.1,36.6
2024-11-09,20.7,9.8,15.6,1.7
2024-11-10,23.6,10.8,17.0,0.0
2024-11-11,22.7,10.2,16.2,0.0
2024-11-12,21.5,11.5,16.1,0.0
2024-11-13,22.3,14.2,17.3,0.0
2024-11-14,19.1,8.5,14.1,0.0
2024-11-15,18.9,6.6,13.2,0.0
2024-11-16,23.1,9.4,16.0,0.0
2024-11-17,24.2,16.7,20.0,5.0
2024-11-18,22.6,15.7,20.2,19.2
2024-11-19,20.1,10.8,15.9,0.0
2024-11-20,15.6,8.1,12.0,0.0
2024-11-21,17.6,4.2,11.2,0.0
2024-11-22,15.7,4.5,10.8,0.0
2024-11-23,20.6,6.1,13.1,0.0
2024-11-24,25.3,14.6,19.1,0.0
2024-11-25,21.0,8.9,15.2,0.0
2024-11-26,13.4,3.1,8.8,0.0
2024-11-27,26.9,11.9,17.1,0.0
2024-11-28,12.7,6.3,8.6,0.0
2024-11-29,10.5,1.2,6.2,0.0
2024-11-30,14.9,2.2,8.0,0.0
2024-12-01,15.2,2.9,9.1,0.0
2024-12-02,16.5,3.0,10.1,0.0
2024-12-03,14.5,3.6,9.5,0.0
2024-12-04,13.5,10.0,11.6,7.6
2024-12-05,11.9,4.7,9.4,0.0
2024-12-06,8.9,0.1,4.8,1.0
2024-12-07,9.5,5.6,7.2,15.5
2024-12-08,16.4,7.5,10.5,4.0
2024-12-09,20.2,9.5,13.5,0.0
2024-12-10,11.1,5.3,8.3,0.0
2024-12-11,12.5,1.8,6.9,0.0
2024-12-12,14.5,4.1,9.4,0.0
2024-12-13,16.7,10.0,12.8,0.8
2024-12-14,20.2,12.9,16.7,3.1
2024-12-15,23.9,10.9,16.9,7.5
2024-12-16,22.9,16.0,19.5,23.4
2024-12-17,23.7,11.8,17.3,0.9
2024-12-18,19.3,7.6,12.8,3.0
2024-12-19,14.3,2.1,8.4,0.0
2024-12-20,11.6,5.7,8.3,0.0
2024-12-21,10.9,0.9,5.7,0.0
2024-12-22,14.1,3.9,8.7,0.0
2024-12-23,19.3,12.2,15.2,0.0
2024-12-24,17.2,12.3,15.5,45.2
2024-12-25,14.9,11.1,12.6,0.1
2024-12-26,16.7,11.3,13.6,21.4
2024-12-27,19.8,8.6,13.4,0.0
2024-12-28,19.7,12.0,15.5,2.3
2024-12-29,19.4,9.6,13.3,0.0
2024-12-30,23.7,11.2,16.0,0.0
2024-12-31,14.3,7.8,10.6,0.0
2025-01-01,8.7,2.6,6.0,0.0
2025-01-02,15.1,1.8,8.0,0.0
2025-01-03,15.0,5.7,10.2,0.0
2025-01-04,18.2,12.0,14.6,0.5
2025-01-05,18.5,-2.4,9.4,3.0
2025-01-06,2.3,-5.4,-1.5,0.0
2025-01-07,2.2,-4.4,-1.0,0.0
2025-01-08,3.1,-2.8,-0.2,0.0
2025-01-09,0.9,-0.5,0.5,19.6
2025-01-10,1.7,-1.3,0.3,4.0
2025-01-11,10.7,-2.5,3.5,0.0
2025-01-12,8.9,3.0,6.0,0.0
2025-01-13,8.1,-1.3,3.6,0.0
2025-01-14,10.4,-1.7,4.7,0.0
2025-01-15,13.1,0.4,6.5,0.0
2025-01-16,14.2,0.9,7.4,0.0
2025-01-17,15.5,7.1,10.9,0.3
2025-01-18,14.8,-0.3,6.5,0.0
2025-01-19,-0.1,-5.2,-2.5,0.0
2025-01-20,1.3,-5.5,-2.1,0.0
2025-01-21,-0.9,-4.6,-2.7,0.0
2025-01-22,8.6,-4.1,1.2,0.0
2025-01-23,8.4,-1.9,3.1,0.0
2025-01-24,12.0,-2.7,4.7,0.0
2025-01-25,16.0,2.7,8.9,0.0
2025-01-26,12.2,6.1,9.4,1.9
2025-01-27,9.4,-0.3,5.0,0.1
2025-01-28,14.8,7.6,10.5,0.3
2025-01-29,16.5,11.1,13.4,68.4
2025-01-30,18.9,12.5,15.1,51.6
2025-01-31,16.7,8.0,11.8,0.0
2025-02-01,18.2,3.5,11.0,0.0
2025-02-02,21.8,9.2,15.2,0.0
2025-02-03,24.9,14.3,19.1,0.0
2025-02-04,22.1,11.5,18.3,0.1
2025-02-05,22.4,9.0,16.1,0.1
2025-02-06,26.6,15.4,21.2,0.2
2025-02-07,23.8,11.2,16.1,0.0
2025-02-08,27.6,10.1,19.8,0.0
2025-02-09,12.5,6.9,9.3,0.4
2025-02-10,8.5,5.7,6.8,8.4
2025-02-11,9.6,5.5,7.2,12.0
2025-02-12,8.9,0.6,5.9,10.5
2025-02-13,3.5,-4.6,-0.3,0.0
2025-02-14,11.6,0.6,5.6,1.3
2025-02-15,20.8,3.9,11.8,0.3
2025-02-16,6.2,-0.8,2.5,0.0
2025-02-17,11.3,-1.1,5.0,0.0
2025-02-18,11.9,-3.9,7.0,6.1
2025-02-19,-2.3,-8.7,-5.6,0.0
2025-02-20,-0.8,-10.7,-5.5,0.0
2025-02-21,-0.4,-4.6,-2.2,0.0
2025-02-22,7.9,-1.7,2.8,0.0
2025-02-23,14.9,4.3,8.8,13.0
2025-02-24,19.6,4.0,11.8,0.0
2025-02-25,21.6,9.0,15.1,0.0
2025-02-26,23.6,13.0,18.1,0.0
2025-02-27,19.8,11.1,15.2,0.1
2025-02-28,21.9,4.9,14.4,0.0
2025-03-01,23.6,9.2,16.9,0.0
2025-03-02,22.7,11.4,16.2,6.9
2025-03-03,23.7,12.2,16.7,0.3
2025-03-04,20.5,11.3,16.9,5.7
2025-03-05,14.7,5.8,9.9,0.0
2025-03-06,17.0,4.6,11.2,0.0
2025-03-07,26.0,13.5,18.6,0.0
2025-03-08,17.3,8.5,12.0,13.9
2025-03-09,13.0,6.8,9.1,1.7
2025-03-10,20.8,4.2,12.4,0.0
2025-03-11,24.2,10.2,16.9,0.0
2025-03-12,28.5,14.8,20.3,0.0
2025-03-13,30.4,14.6,21.7,0.0
2025-03-14,30.5,18.3,23.4,0.0
2025-03-15,21.3,14.4,18.0,0.3
2025-03-16,20.5,7.5,14.8,0.0
2025-03-17,27.7,10.6,18.7,0.0
2025-03-18,28.0,15.3,21.5,0.0
2025-03-19,20.7,11.4,17.4,0.0
2025-03-20,17.2,6.1,12.1,0.0
2025-03-21,23.9,6.9,15.0,0.0
2025-03-22,27.3,12.0,20.0,0.0
2025-03-23,29.5,17.7,22.6,0.0
2025-03-24,26.0,12.3,19.7,0.0
2025-03-25,31.2,14.7,22.9,0.6
2025-03-26,26.3,17.0,22.0,3.4
2025-03-27,26.7,16.3,20.4,0.6
2025-03-28,21.1,17.0,18.7,14.4
2025-03-29,26.9,16.6,21.3,0.1
2025-03-30,29.5,16.1,22.3,3.3
2025-03-31,20.3,10.7,15.3,0.0
2025-04-01,27.7,12.5,19.9,0.2
2025-04-02,26.9,19.0,22.6,6.6
2025-04-03,21.0,14.7,17.6,28.6
2025-04-04,18.1,14.1,16.0,66.1
2025-04-05,14.6,9.8,12.7,37.7
2025-04-06,9.9,6.1,8.1,0.3
2025-04-07,16.5,4.7,10.9,0.0
2025-04-08,21.3,7.4,14.4,0.0
2025-04-09,26.1,11.9,18.5,0.0
2025-04-10,26.8,14.0,20.7,0.0
2025-04-11,26.7,14.1,21.1,0.0
2025-04-12,28.1,13.4,20.7,0.0
2025-04-13,33.3,19.2,25.7,0.0
2025-04-14,33.2,18.6,24.9,0.0
2025-04-15,23.9,15.8,20.1,0.0
2025-04-16,28.9,14.6,21.6,0.0
2025-04-17,31.3,18.5,24.7,0.0
2025-04-18,32.3,20.5,25.6,0.2
2025-04-19,25.7,19.0,22.6,30.0
2025-04-20,23.8,17.3,20.9,5.0
2025-04-21,24.4,12.0,18.4,0.0
2025-04-22,29.1,15.4,21.7,0.0
2025-04-23,25.7,18.2,21.3,5.1
2025-04-24,23.4,17.7,20.1,13.3
2025-04-25,26.9,16.4,21.3,0.7
2025-04-26,27.9,19.8,23.6,0.1
2025-04-27,28.2,19.7,24.1,0.1
2025-04-28,27.4,20.9,24.4,0.0
2025-04-29,29.8,19.8,24.5,4.6
2025-04-30,22.8,16.5,20.7,11.6
2025-05-01,28.0,15.6,20.9,0.2
2025-05-02,24.8,17.9,21.0,10.7
2025-05-03,21.9,13.8,17.8,0.0
2025-05-04,23.3,12.3,18.2,0.0
2025-05-05,24.9,14.2,18.9,1.6
2025-05-06,24.4,15.7,18.1,52.8
2025-05-07,25.2,14.7,19.7,0.0
2025-05-08,24.4,15.7,20.3,0.0
2025-05-09,24.3,16.0,20.2,0.4
2025-05-10,25.7,15.4,20.4,0.1
2025-05-11,25.3,13.9,19.7,0.0
2025-05-12,28.9,15.0,22.0,0.0
2025-05-13,37.7,19.2,27.2,0.0
2025-05-14,38.4,25.9,31.0,0.0
2025-05-15,32.0,24.8,28.5,0.1
2025-05-16,31.2,23.0,26.6,6.8
2025-05-17,30.6,21.5,25.2,1.9
2025-05-18,27.7,21.8,24.4,77.7
2025-05-19,27.9,22.6,25.0,17.9
2025-05-20,27.8,20.7,24.2,3.0
2025-05-21,31.7,17.7,24.6,0.0
2025-05-22,32.1,21.0,26.3,0.0
2025-05-23,34.8,22.4,28.8,0.2
2025-05-24,35.6,24.7,29.9,0.1
2025-05-25,35.1,22.5,28.7,4.9
2025-05-26,27.3,19.8,22.8,8.3
2025-05-27,27.9,20.4,23.5,0.3
2025-05-28,25.7,19.9,22.2,5.5
2025-05-29,28.3,19.8,23.3,4.4
2025-05-30,26.4,18.4,22.4,5.6
2025-05-31,28.4,18.0,23.5,0.0
2025-06-01,28.5,20.2,23.5,16.7
2025-06-02,31.7,20.6,26.0,0.4
2025-06-03,30.3,23.3,26.5,8.6
2025-06-04,25.6,20.3,23.4,26.0
2025-06-05,29.7,20.9,24.5,10.7
2025-06-06,32.0,24.7,28.1,0.0
2025-06-07,33.0,24.9,28.5,0.7
2025-06-08,32.1,23.8,27.6,27.9
2025-06-09,30.2,21.5,25.6,38.1
2025-06-10,28.7,21.2,24.8,0.3
2025-06-11,24.2,21.2,22.1,23.4
2025-06-12,27.6,20.7,23.5,6.2
2025-06-13,31.0,21.4,25.4,0.0
2025-06-14,31.3,23.0,26.5,5.5
2025-06-15,29.3,23.2,25.8,14.2
2025-06-16,33.3,22.3,27.1,0.3
2025-06-17,34.2,24.7,29.4,0.0
2025-06-18,35.7,25.1,30.0,1.1
2025-06-19,34.9,24.1,29.6,1.6
2025-06-20,36.6,26.0,30.9,0.1
2025-06-21,35.3,25.6,30.2,0.0
2025-06-22,34.6,25.3,29.6,0.0
2025-06-23,35.1,25.2,29.9,0.0
2025-06-24,35.0,25.1,29.7,0.0
2025-06-25,33.4,24.1,28.0,0.7
2025-06-26,33.8,24.0,28.3,0.3
2025-06-27,34.8,24.4,29.4,0.0
2025-06-28,35.4,25.7,30.3,0.0
2025-06-29,35.3,25.9,30.5,0.0
2025-06-30,36.9,24.3,29.8,19.9
2025-07-01,33.5,24.2,28.1,1.7
2025-07-02,34.8,25.7,29.7,0.0
2025-07-03,30.6,24.4,26.8,6.6
2025-07-04,30.9,23.0,26.0,2.1
2025-07-05,33.0,23.8,27.1,1.3
2025-07-06,31.3,23.9,26.9,4.0
2025-07-07,31.4,22.4,27.2,12.8
2025-07-08,32.5,23.3,27.1,10.6
2025-07-09,32.9,22.3,27.0,6.7
2025-07-10,35.6,24.1,29.8,0.0
2025-07-11,35.4,25.4,30.0,0.1
2025-07-12,33.0,24.7,27.6,13.0
2025-07-13,29.8,23.0,25.7,12.9
2025-07-14,31.5,22.6,26.6,12.2
2025-07-15,34.5,24.8,29.3,0.1
2025-07-16,34.8,25.0,29.8,0.1
2025-07-17,35.8,25.1,30.2,0.0
2025-07-18,36.5,25.3,30.3,0.0
2025-07-19,35.8,25.5,30.1,0.0
2025-07-20,35.6,26.7,30.8,0.2
2025-07-21,36.8,26.0,31.1,0.0
2025-07-22,36.3,25.5,31.0,0.0
2025-07-23,37.1,26.1,31.5,0.0
2025-07-24,38.0,27.0,32.4,0.0
2025-07-25,38.4,26.3,32.2,0.0
2025-07-26,34.5,27.0,30.4,0.8
2025-07-27,35.9,26.4,31.0,0.0
2025-07-28,37.2,26.2,31.4,0.0
2025-07-29,37.6,27.1,32.4,0.0
2025-07-30,38.5,27.1,33.1,0.0
2025-07-31,41.0,28.0,34.1,0.0
2025-08-01,36.8,26.4,30.8,0.0
2025-08-02,32.5,24.7,28.6,2.8
2025-08-03,34.4,24.4,28.6,3.8
2025-08-04,31.5,22.0,27.0,8.5
2025-08-05,33.5,22.9,28.2,0.0
2025-08-06,35.7,24.1,29.7,0.0
2025-08-07,37.4,25.5,31.3,0.0
2025-08-08,37.6,26.8,32.0,0.0
2025-08-09,37.2,27.3,32.2,0.0
2025-08-10,37.2,26.4,31.7,0.0
2025-08-11,36.2,26.0,31.2,0.1
2025-08-12,31.5,24.3,27.9,12.4
2025-08-13,31.6,23.8,27.6,8.4
2025-08-14,33.8,24.5,29.1,0.9
2025-08-15,36.2,25.7,30.6,0.0
2025-08-16,35.8,26.3,30.8,0.3
2025-08-17,36.8,27.3,31.4,0.8
2025-08-18,36.9,27.7,32.6,0.0
2025-08-19,39.6,28.2,33.7,0.0
2025-08-20,32.8,23.8,28.7,29.9
2025-08-21,34.6,26.3,29.6,3.5
2025-08-22,32.4,23.1,28.8,3.8
2025-08-23,37.2,25.8,31.1,0.0
2025-08-24,36.4,25.2,31.3,0.1
2025-08-25,35.9,25.8,31.0,0.0
2025-08-26,32.6,23.4,28.1,0.1
2025-08-27,34.0,21.7,27.2,0.1
2025-08-28,36.6,25.1,29.2,14.5
2025-08-29,28.8,22.3,25.1,22.3
2025-08-30,27.4,22.7,24.6,40.1
2025-08-31,29.3,23.1,25.0,10.0
2025-09-01,29.0,21.7,25.0,5.3
2025-09-02,30.6,21.4,25.8,0.1
2025-09-03,29.9,21.7,25.6,0.0
2025-09-04,37.9,21.3,28.8,0.0
2025-09-05,36.5,24.5,29.8,0.2
2025-09-06,25.6,18.2,22.0,32.6
2025-09-07,27.5,20.1,23.2,0.0
2025-09-08,28.0,18.4,23.2,0.0
2025-09-09,30.9,17.3,24.2,0.0
2025-09-10,32.9,18.4,26.0,0.0
2025-09-11,33.7,20.7,27.5,0.0
2025-09-12,34.7,23.5,29.3,0.0
2025-09-13,33.6,24.2,29.2,0.0
2025-09-14,34.7,24.0,29.3,0.0
2025-09-15,33.9,24.1,29.2,0.2
2025-09-16,35.0,24.0,29.6,0.0
2025-09-17,35.0,24.3,29.7,0.0
2025-09-18,35.0,23.5,29.2,0.1
2025-09-19,31.3,22.6,27.3,13.0
2025-09-20,33.8,23.1,28.8,0.0
2025-09-21,31.5,24.2,27.3,12.3
2025-09-22,31.8,23.0,27.6,44.3
2025-09-23,33.9,24.4,28.8,0.5
2025-09-24,28.4,22.6,25.1,14.7
2025-09-25,27.9,19.7,23.7,0.1
2025-09-26,30.2,19.5,24.5,0.0
2025-09-27,30.3,18.7,24.6,0.0
2025-09-28,30.2,17.6,24.8,0.0
2025-09-29,29.9,18.7,24.9,0.0
2025-09-30,32.9,21.8,27.0,0.3
2025-10-01,33.4,20.0,26.5,0.0
2025-10-02,32.4,19.7,26.5,0.0
2025-10-03,33.1,21.2,27.0,0.0
2025-10-04,30.7,19.4,25.3,0.0
2025-10-05,31.6,20.0,25.7,0.0
2025-10-06,33.4,20.9,26.9,0.0
2025-10-07,33.9,21.5,27.4,1.0
2025-10-08,32.3,20.8,26.8,0.6
2025-10-09,30.9,20.9,25.8,0.0
2025-10-10,31.2,18.4,24.9,0.0
2025-10-11,32.7,18.4,25.4,0.0
2025-10-12,32.7,19.9,26.4,0.0
2025-10-13,32.0,21.3,26.6,0.0
2025-10-14,31.2,19.6,25.7,0.0
2025-10-15,30.4,18.6,24.8,0.0
2025-10-16,29.3,17.1,24.0,0.0
2025-10-17,32.0,20.6,26.1,0.0
2025-10-18,26.9,22.9,24.6,4.8
2025-10-19,22.8,14.3,18.8,0.0
2025-10-20,31.3,13.4,22.2,0.0
2025-10-21,27.6,18.6,23.1,0.0
2025-10-22,26.9,11.2,19.4,0.0
2025-10-23,25.7,15.7,20.3,6.8
2025-10-24,25.3,17.9,21.0,15.1
2025-10-25,23.2,17.9,19.5,19.7
2025-10-26,23.4,15.2,19.0,0.0
2025-10-27,26.2,15.8,20.7,0.0
2025-10-28,23.6,14.5,19.8,0.4
2025-10-29,17.1,10.5,13.6,0.0
2025-10-30,17.6,7.0,12.4,0.0
2025-10-31,21.4,4.6,13.3,0.0
2025-11-01,20.2,11.2,14.9,2.1
2025-11-02,20.4,7.9,14.3,0.0
2025-11-03,25.2,10.2,17.1,0.0
2025-11-04,25.3,12.0,18.2,0.0
2025-11-05,27.4,14.6,20.4,0.0
2025-11-06,28.8,15.5,21.5,0.0
2025-11-07,26.3,17.2,21.7,0.0
2025-11-08,26.6,12.0,19.7,0.0
2025-11-09,18.4,9.1,13.5,0.0
2025-11-10,12.2,1.8,7.5,0.0
2025-11-11,21.5,5.9,13.1,0.0
2025-11-12,25.0,11.0,17.9,0.0
2025-11-13,27.5,15.2,20.9,0.0
2025-11-14,27.6,18.1,22.5,0.0
2025-11-15,30.9,17.9,23.7,0.0
2025-11-16,27.0,17.7,22.5,0.0
2025-11-17,30.3,19.5,24.4,0.4
2025-11-18,30.2,22.6,25.9,0.1
2025-11-19,28.4,20.1,24.0,0.3
2025-11-20,24.0,17.9,19.9,40.4
2025-11-21,24.1,16.8,19.4,0.0
2025-11-22,17.4,11.0,14.2,0.0
2025-11-23,18.6,8.8,13.7,50.1
2025-11-24,18.7,15.0,16.2,52.0
2025-11-25,19.4,11.1,15.4,0.0
2025-11-26,13.8,6.5,10.2,0.0
2025-11-27,15.0,6.8,10.3,0.0
2025-11-28,14.9,5.6,10.0,11.8
2025-11-29,19.6,8.8,13.3,18.7
2025-11-30,7.7,0.6,3.8,0.6
2025-12-01,4.6,3.4,3.8,18.4
2025-12-02,8.3,-1.5,3.4,0.0
2025-12-03,14.5,3.7,8.0,0.0
2025-12-04,8.7,5.0,6.3,1.1
2025-12-05,10.9,2.8,6.7,0.0
2025-12-06,12.5,4.2,7.8,0.0
2025-12-07,11.3,4.3,8.6,0.0
2025-12-08,9.6,0.9,5.0,0.0
2025-12-09,16.9,3.7,9.4,0.0
2025-12-10,17.3,7.6,12.0,0.0
2025-12-11,18.0,2.9,10.1,0.0
2025-12-12,19.3,7.6,13.2,0.0
2025-12-13,14.2,5.8,10.7,0.0
2025-12-14,9.6,-1.2,2.8,0.0
2025-12-15,9.6,-2.5,3.3,0.0
2025-12-16,14.8,6.1,10.3,0.0
2025-12-17,18.2,13.2,15.3,0.6
2025-12-18,20.8,12.2,16.9,0.5
2025-12-19,18.0,3.4,11.1,0.0
2025-12-20,26.4,11.1,17.2,0.0
2025-12-21,17.4,13.8,15.3,0.9
2025-12-22,23.3,13.1,18.0,0.0
2025-12-23,27.2,19.0,22.1,0.4
2025-12-24,26.1,17.3,21.3,0.0
2025-12-25,25.4,16.6,20.6,0.0
2025-12-26,28.7,18.3,22.7,0.0
2025-12-27,27.5,18.8,22.7,0.0
2025-12-28,28.6,7.4,19.9,0.0
2025-12-29,6.3,-0.2,3.5,0.0
2025-12-30,10.4,-0.4,5.1,0.0
2025-12-31,18.5,4.2,10.4,0.0
2026-01-01,22.0,7.2,14.4,0.0
2026-01-02,24.6,14.4,18.9,0.0
2026-01-03,17.3,9.8,13.7,0.0
2026-01-04,17.1,4.6,11.2,0.0
2026-01-05,21.3,10.8,15.5,0.0
2026-01-06,24.4,15.7,19.2,0.0
2026-01-07,26.5,7.7,17.0,0.0
2026-01-08,26.7,19.3,22.0,1.0
2026-01-09,20.4,10.2,15.8,0.0
2026-01-10,15.0,5.0,9.0,0.0
2026-01-11,15.7,3.4,8.8,0.0
2026-01-12,17.6,2.7,9.9,0.0
2026-01-13,18.5,7.0,11.8,0.0
2026-01-14,16.4,8.8,11.9,0.0
2026-01-15,14.7,1.2,8.0,0.0
2026-01-16,14.5,9.0,11.4,0.0
2026-01-17,8.9,3.2,5.3,0.0
2026-01-18,15.1,-4.9,4.6,0.0
2026-01-19,12.2,1.0,6.4,0.0
2026-01-20,12.9,-1.3,5.5,0.0
2026-01-21,17.0,11.4,13.6,5.5
2026-01-22,12.3,5.4,9.1,0.0
2026-01-23,11.2,2.4,8.3,13.4
2026-01-24,2.0,-6.3,-2.6,13.3
2026-01-25,-6.1,-9.9,-7.7,9.8
2026-01-26,-1.5,-9.8,-5.9,0.0
2026-01-27,3.7,-5.5,-1.3,0.0
2026-01-28,7.0,-4.1,1.1,0.0
2026-01-29,12.2,2.0,5.3,0.0
2026-01-30,7.7,-1.5,2.8,0.0
2026-01-31,1.4,-7.5,-2.6,0.0
2026-02-01,8.6,-4.4,1.6,0.0
2026-02-02,18.7,3.0,9.8,0.0
2026-02-03,18.0,10.5,14.8,1.5
2026-02-04,12.5,4.7,8.6,0.0
2026-02-05,19.0,2.4,9.9,0.0
2026-02-06,26.0,7.6,15.6,0.0
2026-02-07,22.8,8.0,15.2,0.0
2026-02-08,26.5,13.0,17.9,0.0
2026-02-09,27.8,11.7,19.8,0.0
2026-02-10,23.3,12.6,19.2,1.2
2026-02-11,17.9,8.6,13.1,0.4
2026-02-12,23.4,6.9,14.9,0.0
2026-02-13,25.4,13.8,19.5,0.1
2026-02-14,20.0,14.8,18.0,12.0
2026-02-15,18.2,13.1,15.2,1.3
2026-02-16,20.4,7.6,13.8,0.0
2026-02-17,23.8,13.2,17.8,0.0
2026-02-18,23.7,15.3,19.2,0.0
2026-02-19,23.9,15.8,19.4,0.0
2026-02-20,15.7,5.3,11.0,0.1
2026-02-21,15.8,9.3,12.3,0.5
2026-02-22,13.1,3.3,8.5,0.0
2026-02-23,14.9,1.8,8.3,0.0
2026-02-24,22.4,6.3,13.9,0.0
2026-02-25,27.6,13.8,20.2,0.0
2026-02-26,27.6,13.4,20.4,0.0
2026-02-27,27.2,11.0,19.7,0.0
2026-02-28,29.1,16.0,21.9,0.0
2026-03-01,28.0,16.1,21.7,0.0
2026-03-02,27.3,16.0,21.8,0.0
2026-03-03,29.4,18.5,23.6,0.1
2026-03-04,26.4,19.7,22.7,3.8
2026-03-05,27.6,18.9,22.5,5.3
2026-03-06,28.4,18.8,22.0,19.9
2026-03-07,21.3,9.7,15.0,41.7
2026-03-08,21.6,7.5,14.3,0.0
2026-03-09,27.4,16.7,21.7,0.1
2026-03-10,26.7,19.4,22.5,3.3
2026-03-11,23.7,11.7,18.2,20.2
2026-03-12,15.2,4.5,10.3,0.0
2026-03-13,23.2,9.0,15.3,0.0
2026-03-14,25.8,12.8,19.0,0.0
2026-03-15,28.7,8.8,19.0,0.0
2026-03-16,7.7,1.4,4.8,0.8
2026-03-17,16.7,1.7,8.9,0.0
2026-03-18,23.2,8.4,15.3,0.0
2026-03-19,29.6,12.4,20.8,0.0
2026-03-20,31.7,15.4,23.5,0.0
2026-03-21,33.3,16.9,25.2,0.0
2026-03-22,33.8,18.9,26.5,0.0
2026-03-23,26.8,15.9,21.9,0.0
2026-03-24,28.9,16.5,22.7,0.0
2026-03-25,29.6,18.6,23.8,0.0
2026-03-26,30.2,19.0,24.6,0.0
2026-03-27,24.9,13.3,19.1,1.0
2026-03-28,15.9,11.4,13.4,0.7
2026-03-29,27.5,11.0,19.0,0.0
2026-03-30,28.9,17.9,23.4,0.0
2026-03-31,30.8,18.7,24.5,0.0
2026-04-01,30.6,20.1,25.3,0.3
2026-04-02,27.3,19.1,23.3,14.7
2026-04-03,27.7,20.3,23.2,3.4
2026-04-04,21.7,13.4,17.8,19.4
2026-04-05,19.3,9.8,14.6,0.0
2026-04-06,20.9,9.5,15.1,0.0
2026-04-07,21.2,10.4,15.8,0.0
2026-04-08,25.3,13.3,18.7,0.0
2026-04-09,27.1,16.0,21.2,0.3
2026-04-10,27.4,17.8,21.8,0.7
2026-04-11,26.2,18.2,21.8,3.0
2026-04-12,23.5,19.8,20.9,9.0
2026-04-13,28.3,20.2,23.4,0.7
2026-04-14,26.2,21.1,23.5,1.0
2026-04-15,24.8,19.2,22.1,23.1
2026-04-16,27.5,19.9,23.4,1.7
2026-04-17,27.5,20.1,23.9,0.3
2026-04-18,23.6,10.5,15.0,19.0
2026-04-19,20.6,6.7,13.8,0.0
2026-04-20,21.5,10.1,15.7,0.0
2026-04-21,18.8,13.4,15.3,21.3
2026-04-22,24.2,15.1,19.1,7.7
2026-04-23,26.3,19.4,22.6,0.5
2026-04-24,31.1,21.6,25.0,0.6
2026-04-25,30.3,19.7,23.2,8.7
2026-04-26,29.3,21.4,25.0,0.5
2026-04-27,33.1,22.0,26.4,0.2
2026-04-28,29.0,22.0,25.6,0.5
2026-04-29,22.5,15.4,17.6,35.0
2026-04-30,17.9,15.1,16.5,3.7
2026-05-01,18.2,13.3,15.2,1.4
2026-05-02,23.0,11.0,17.1,0.0
2026-05-03,26.6,13.7,19.8,0.0
2026-05-04,27.6,16.0,21.7,0.0
2026-05-05,32.7,20.6,25.3,0.0
2026-05-06,19.0,12.9,15.7,3.3
2026-05-07,22.2,11.5,16.6,0.0
2026-05-08,23.3,14.8,18.9,19.9
2026-05-09,29.3,18.5,23.8,1.8
2026-05-10,26.3,18.0,20.8,30.6
2026-05-11,24.5,15.7,19.6,2.9
2026-05-12,28.4,15.0,22.0,0.0
2026-05-13,33.2,17.6,25.5,0.0
2026-05-14,32.7,20.2,26.8,0.0
2026-05-15,32.2,21.0,26.3,0.0
2026-05-16,30.9,21.3,26.1,0.0
2026-05-17,31.5,20.6,26.3,8.9
2026-05-18,30.9,21.0,25.7,6.5
2026-05-19,25.9,19.8,23.4,18.0
2026-05-20,26.4,18.4,21.9,0.1
2026-05-21,24.0,19.3,21.3,37.3
2026-05-22,27.8,18.2,22.4,19.8
2026-05-23,27.0,18.3,22.9,24.7
2026-05-24,27.3,18.9,22.9,5.5
2026-05-25,28.9,19.4,23.5,4.2
2026-05-26,29.2,19.6,23.9,5.6
2026-05-27,26.6,19.9,22.2,24.1
2026-05-28,28.4,20.3,24.3,4.5
2026-05-29,31.3,22.2,26.7,0.1
2026-05-30,32.7,23.5,28.0,0.0
2026-05-31,34.4,24.7,29.2,0.0
2026-06-01,34.0,24.1,29.2,0.0
2026-06-02,34.9,24.3,28.2,1.9
2026-06-03,30.6,21.7,26.2,2.9
2026-06-04,30.0,22.0,26.1,3.3
2026-06-05,29.3,22.3,24.9,16.5
2026-06-06,30.3,21.8,24.6,14.7
2026-06-07,31.0,21.4,26.0,7.0
2026-06-08,33.2,25.3,28.6,0.8
2026-06-09,32.6,24.0,28.3,0.1
2026-06-10,35.1,24.8,29.3,0.0
2026-06-11,33.8,25.4,29.5,0.0
2026-06-12,31.9,24.8,27.8,5.2
2026-06-13,33.2,25.3,29.1,0.0
2026-06-14,29.3,23.5,26.6,9.6
2026-06-15,28.9,22.3,24.2,50.1
2026-06-16,30.6,22.2,26.4,3.6
2026-06-17,33.1,23.8,28.1,0.0
2026-06-18,34.2,24.1,29.2,0.3
2026-06-19,27.9,22.4,24.5,23.2
2026-06-20,31.0,22.8,26.4,3.2
2026-06-21,32.3,23.4,27.8,1.8
2026-06-22,34.2,23.8,28.6,10.2
2026-06-23,33.2,22.4,28.4,13.5
2026-06-24,33.7,25.6,29.4,0.1
2026-06-25,32.8,24.5,28.9,0.0
2026-06-26,34.9,25.0,30.0,0.0
2026-06-27,35.8,25.9,30.8,0.0
2026-06-28,36.1,26.2,31.0,0.0
2026-06-29,36.7,27.1,31.3,0.0
2026-06-30,36.0,25.4,30.7,0.0
2026-07-01,36.4,26.0,31.2,0.0
2026-07-02,36.4,26.6,31.4,0.3
2026-07-03,37.1,26.3,31.5,0.2
2026-07-04,37.7,27.3,32.4,0.1
2026-07-05,35.3,24.6,30.3,0.8
2026-07-06,36.5,24.4,29.6,1.0
2026-07-07,36.7,23.9,29.7,2.8
2026-07-08,37.2,25.8,31.1,0.0
2026-07-09,37.8,27.2,32.4,0.0
2026-07-10,36.6,26.5,31.9,0.0
2026-07-11,36.5,25.9,30.8,0.7
2026-07-12,35.9,24.3,28.8,21.5
2026-07-13,29.4,22.7,25.2,25.0
2026-07-14,31.3,23.2,25.8,6.9
2026-07-15,30.5,22.1,25.3,7.9
2026-07-16,30.8,23.2,26.1,2.1
2026-07-17,33.9,24.3,28.7,0.6
2026-07-18,36.2,25.6,30.8,0.0
2026-07-19,35.5,26.2,30.4,1.5
2026-07-20,37.2,26.2,31.8,0.0
2026-07-21,40.2,27.2,33.7,0.0
2026-07-22,40.9,29.6,35.4,0.0
2026-07-23,35.5,26.3,31.3,0.0
2026-07-24,35.9,26.6,30.9,0.7
2026-07-25,37.8,27.2,32.4,0.0
2026-07-26,37.9,26.6,32.4,0.0
2026-07-27,38.3,27.2,32.9,0.0
2026-07-28,38.6,26.8,32.9,0.0
2026-07-29,37.1,27.5,32.7,0.0
2026-07-30,38.6,27.5,33.4,0.1
2026-07-31,39.5,27.9,34.2,0.0
2026-08-01,36.3,29.7,33.3,0.0
2026-08-02,36.1,24.2,30.9,0.0
2026-08-03,38.6,24.2,32.1,0.0
2026-08-04,38.7,26.7,33.1,0.0
2026-08-05,38.9,27.3,33.3,0.0
2026-08-06,38.2,26.9,32.8,0.0
2026-08-07,38.9,26.8,32.7,1.7
2026-08-08,38.4,25.6,31.5,2.7
2026-08-09,36.3,25.2,29.7,4.2
2026-08-10,37.0,25.7,31.5,0.0
2026-08-11,37.3,25.3,31.6,0.3
2026-08-12,38.8,26.9,33.0,0.0
2026-08-13,38.9,27.4,33.4,0.0
2026-08-14,38.5,26.8,32.8,0.0
2026-08-15,38.6,27.2,33.1,0.5
2026-08-16,39.8,27.6,34.1,0.0
2026-08-17,41.2,28.2,34.9,0.2
2026-08-18,41.5,28.3,35.2,0.0
2026-08-19,40.5,28.2,34.8,0.0
2026-08-20,40.7,27.7,34.6,0.1
